model_name,batch_size,num_nodes,feature_dim,eager_time_ms,eager_std_ms,graph_time_ms,graph_std_ms,speedup,compilation_time_s,eager_memory_mb,graph_memory_mb,memory_overhead_mb
GAT-Small,1,100,64,1.0613407520577312,0.17401253948178239,0.391089771874249,0.10308818839163279,2.713803398568538,10.685985402204096,0.00048828125,0.00048828125,0.0
GAT-Small,2,100,64,1.9819619273766875,0.18270535588442208,0.5958053795620799,0.11699683842921771,3.3265257336773963,3.001672645099461,0.00048828125,0.00048828125,0.0
GAT-Small,4,100,64,3.811216363683343,0.26269055906625643,0.9987220540642737,0.1319649469452876,3.8160931243819998,5.0224894671700895,0.00048828125,0.00048828125,0.0
GAT-Small,8,100,64,7.731563220731914,0.21032330165558122,1.7614634986966848,0.14014465112767818,4.389283812268908,9.089265848044306,0.0009765625,0.0009765625,0.0
GAT-Small,16,100,64,15.017187548801303,0.20521103915555564,3.225714494474232,0.1969301937873653,4.655460852014739,18.225420005153865,0.001953125,0.001953125,0.0
GAT-Small,32,100,64,29.21942348126322,0.2656314087864269,5.759527119807899,0.47807410679977147,5.073233075120548,37.00655711488798,0.00390625,0.00390625,0.0
GAT-Small,64,100,64,59.982345225289464,0.35458368884428,11.79496520664543,0.5543100598152545,5.085419428918254,79.642844541464,0.0078125,0.0078125,0.0
