,Eager_BS1,Graph_BS1,Speedup_BS1,Eager_BS2,Graph_BS2,Speedup_BS2,Eager_BS4,Graph_BS4,Speedup_BS4,Eager_BS8,Graph_BS8,Speedup_BS8,Eager_BS16,Graph_BS16,Speedup_BS16,Eager_BS32,Graph_BS32,Speedup_BS32,Eager_BS64,Graph_BS64,Speedup_BS64
GAT-Medium,1.636623558588326,1.136473729275167,1.4400892131771055,,,,,,,11.619951850734651,11.627414138056338,0.999358216088884,,,,44.81219476554543,46.24063417315483,0.9691085679694529,,,
GAT-Small,0.9775790525600313,0.3608810529112816,2.7088677686837657,1.9235981395468116,0.5613717390224338,3.4266030970788504,3.690151544287801,0.9195353835821152,4.013060954666643,6.950892559252679,1.5745653491467237,4.4144833766470555,14.082460324279964,3.3234967291355133,4.237242119369561,30.410043308511376,6.225507324561477,4.884749422514487,61.049018180929124,12.169487215578556,5.016564551937594
