,Eager_BS1,Graph_BS1,Speedup_BS1,Eager_BS2,Graph_BS2,Speedup_BS2,Eager_BS4,Graph_BS4,Speedup_BS4,Eager_BS8,Graph_BS8,Speedup_BS8,Eager_BS16,Graph_BS16,Speedup_BS16,Eager_BS32,Graph_BS32,Speedup_BS32,Eager_BS64,Graph_BS64,Speedup_BS64
GAT-Medium,1.5966702019795775,1.111389808356762,1.436642832221328,,,,,,,10.54105939809233,10.845750118605793,0.9719069020416791,,,,41.09302789904177,42.59339053183794,0.9647747546259631,,,
GAT-Small,0.9726343769580126,0.35357652697712183,2.7508454400903903,1.8512883083894849,0.5595968617126346,3.30825355725487,3.5422072606161237,0.9460384538397193,3.7442529383866407,7.019657124765217,1.527984687127173,4.594062482368959,13.859086441807449,2.7763216057792306,4.991887976147352,27.279614661820233,5.373124978505075,5.077048230024614,55.549701252020895,10.617464510723948,5.231917770566982
