model_name,batch_size,num_nodes,feature_dim,eager_time_ms,eager_std_ms,graph_time_ms,graph_std_ms,speedup,compilation_time_s,eager_memory_mb,graph_memory_mb,memory_overhead_mb
GCN-Small,32,100,64,0.4985404899343848,0.3118644534232493,0.3255169140174985,0.14794274144976036,1.5315348249694494,13.992719433736056,0.00390625,0.00390625,0.0
GCN-Medium,64,500,128,3.557027573697269,0.2714546227293818,3.5837173694744706,0.22350238344294704,0.9925524830711983,4.200410968624055,0.015625,0.015625,0.0
GCN-Large,128,1000,256,56.203748541884124,0.2836414934400324,56.20902960654348,0.25649662236741183,0.9999060459734614,3.8938572048209608,0.0625,0.0625,0.0
