model_name,input_shape,baseline_time,baseline_std,compiled_time,compiled_std,speedup,compile_time,guard_check_time,guard_check_std,recompile_time,guard_failure_rate,recompile_count,eager_memory,compiled_memory,category
ResNet50,"(32, 3, 224, 224)",0.011058993583234648,0.00015748061888767114,0.005808169487863779,0.00019972240887957123,1.9040411279909293,13.09876022906974,0.005779992137104273,3.4646967314634974e-05,3.4559706626459956,0.16666666666666666,3,0.1220703125,0.1220703125,vision
ViT-Base,"(32, 3, 224, 224)",0.07244315489660949,0.000183449927082777,0.06650507876183838,0.0001661869870760539,1.0892875588650301,9.751955132000148,0.06651198747567832,6.38480990254121e-05,1.6502765986757975,0.16666666666666666,3,0.1220703125,0.1220703125,vision
DenseNet121,"(32, 3, 224, 224)",0.01514900040347129,0.00043228242719744737,0.009663969123115143,0.000871173670580144,1.5675754144574574,36.850904260063544,0.00956229834506909,0.0001839437037094602,13.959558813367039,0.16666666666666666,3,0.1220703125,0.1220703125,vision
EfficientNet-B0,"(32, 3, 224, 224)",0.0073745259859909615,0.00025197613672416666,0.004421162294844786,0.0003642842258151762,1.6680061699137103,12.271108729066327,0.004353622005631526,2.1589617716484798e-05,4.710998838379358,0.16666666666666666,3,0.1220703125,0.1220703125,vision
MobileNet-V3,"(32, 3, 224, 224)",0.004667868884280324,0.0004505051957236993,0.0028828301078950365,0.0005424873799640249,1.6191966607732822,9.754761948948726,0.002771196219449242,1.5548858631788842e-05,4.764139396914591,0.16666666666666666,3,0.1220703125,0.1220703125,vision
